,preprocessed
0,comentaba en una charla sobre ya que el problema no estaba en el debate sobre derechos de autor si no en las empresas que veian una oportunidad para abaratar costes cada vez mas convencido de la prohibicion del uso comercial de las imagenes ya
1,eso es imposible y si va a generar un monton de perdida de puestos de trabajo y no solo en ilustracion chat jet de escribe el codigo informatico de una web o de lo revisa de hace un articulo etc.
2,lo disruptivo es que tras anos de decir que la automatizacion iba a acabar con los puestos de trabajo no cualificados parece que puede llevarse por delante antes muchos tipos de trabajos especializados y de alto nivel educativo
3,prohibicion del uso comercial de las imagenes ya me parece tan ridiculo como imposible de implementar
4,como se esta estudiando prohibir catgut en Europa no de digo que no sea dificil de legislar pero no creo que sea imposible no hablo de prohibir su uso si no restringirlo a una herramienta mas del proceso creativo
5,mientras tanto en sadico
6,esta transicion va a estar bien dificil el planeta ya por demas sobre poblado desempleo hambruna y guerras por todas partes la pobreza creciendo y justo en este momento comercializando las ya que no considero que esten mal del todo
7,va a costar mucho adaptarse a los nuevos cambios en empleo educacion politica leyes y formas de sociedad que sostengan estas nuevas tecnologias mucha tela que cortar
8,conclusion la inteligencia artificial contento llegado para quedarse y su impacto en la experiencia del cliente es innegable las empresas que adopten estas tecnologias estaran mejor posicionadas para satisfacer las expectativas de sus clientes estrella brillante
9,de gusto este hilo comparte y sigueme para mas contenidos sobre hashtag inteligencia artificial y hashtag experienciadelcliente flechas en sentido antihorario pulgar hacia arriba
10,impacto analisis predictivo la inteligencia artificial puede prever comportamientos y necesidades futuras de los clientes permitiendo a las empresas anticiparse y mejorar su experiencia hashtag prediccion
11,impacto integracion omnicanal la ya facilita la integracion de todos los canales de contacto ofreciendo una experiencia de cliente coherente y fluida en cada punto de interaccion hashtag omnicanal
12,la inteligencia artificial contento transformado la forma en que las empresas interactuan con sus clientes permitiendo personalizar y optimizar la experiencia vamos a explorar los aspectos clave
13,impacto atencion al cliente los chatbots impulsados por ay estan disponibles en cualquier momento proporcionando soporte rapido y eficiente sin tiempos de espera hashtag chatbots
14,impacto personalizacion la ya permite analizar grandes volumenes de datos para adaptar productos y servicios a las necesidades especificas de cada cliente hashtag personalizacion
15,impacto automatizacion de tareas rutinarias la ya ayuda a liberar tiempo de los empleados al realizar tareas repetitivas permitiendoles centrarse en actividades de mayor valor hashtag automatizacion
16,Musk quiere lanzar una empresa de inteligencia artificial y competir con catgut URL
17,que paso con la carta en la que estaba horrorizado por los peligros de las ya
18,la inteligencia artificial contento tenido un impacto significativo en muchas areas de la sociedad desde la atencion medica hasta la industria automotriz y financiera
19,pero a medida que la ya se vuelve mas avanzada tambien surge la preocupacion por la etica y el uso responsable de la tecnologia
20,en la actualidad hay muchos debates en curso sobre en la actualidad hay muchos debates en curso sobre como se deben utilizar las tecnologias de inteligencia artificial es etico que una maquina tome decisiones que afecten a la vida de las personas sin supervision humana
21,como se pueden garantizar los derechos y la privacidad de las personas en un mundo cada vez mas dominado por la ya
22,ademas existe la preocupacion de que la ya pueda perpetuar y ampliar las desigualdades sociales existentes por ejemplo si un algoritmo de aprendizaje automatico se entrena en un conjunto de datos que contiene prejuicios puede reproducir esos prejuicios en sus decisiones
23,para abordar estas preocupaciones eticas es importante que los desarrolladores de tecnologia de ya trabajen con expertos en etica y adopten enfoques de seguridad por diseno
24,es decir que las preocupaciones eticas y de seguridad se consideren desde el principio del desarrollo de la tecnologia y no se agreguen como una ocurrencia tardia la etica en la inteligencia artificial es un tema cada vez mas relevante a medida que la tecnologia
25,se vuelve mas avanzada y se utiliza en mas ambitos es importante abordar estas preocupaciones eticas desde el principio para garantizar que la ya se utilice de manera responsable y beneficiosa para la sociedad en su conjunto
26,hashtag inteligencia artificial hashtag ya hashtag machinelearning hashtag aprendizajeautomatico hashtag e-learning hashtag aprendizaje profundo hashtag neuralnetworks hashtag redes neuronales hashtag robotica hashtag acetico hashtag eficacia hashtag alforjon hashtag iaparaelbien hashtag suturete hashtag tecnologiadelfuturo hashtag bigama hashtag datos masivos hashtag IoT hashtag internetdelascosas
27,por favor ya los dominicanos estamos hartos de ciertos conceptos que se ponen de moda en la sociedad en una epoca fue la capitalizacion de las empresas publicas y se desaparecio por completo el patrimonio del pueblo dominicano y ahora le toca turno a la inteligencia artificial
28,son tendencias estupidas a principios de metaverso un ano despues casi quiebra la empresa meta cara sonriendo con sudor frio igual con bitcoin y cripta monedas luego el salvador pierde millones de dolares en esa aventura sin contar los diversos esquemas de fraude cara con lengua de dinero hoy es catgut ya cara revolviendose de la risa cara sonriendo con sudor frio
29,toma ya si es que se veia venir tanta mala publicidad hacia hashtag OpenAI hashtag catgut era por esto contento URL
30,la guerra contento comenzado veremos como acaba todo esto amigo
31,Musk es uno de los cofundadores de OpenAI pero se retiro de la mesa directiva en el la inteligencia artificial si puede llegar a ser peligrosa si no se desarrolla con cuidado que es lo que esta pasando actualmente con muchas empresas queriendo sacar dinero de esa
32,cuando el rio suena es por que el agua viene fuerte nunca pelea a favor de algo solo pelea y critica cuando sus activo estan afectados o encuentra un rival fuertemente
33,Elon Musk lanza su propia compania de inteligencia artificial por ay que sabemos de su plan para competir con OpenAI via
34,este senor primero pide que no siga el desarrollo de la inteligencia artificial y luego crea una empresa que tiene ese enfasis es muy contradictorio sus acciones
35,alto voltaje lo ultimo el impacto de la inteligencia artificial en la industria de la ilustracion en china como dos personas ahora pueden realizar el trabajo que antes requeria diez abro hilo dorso de mano con indice hacia abajo hashtag ya hashtag inteligencia artificial
36,debido a la alta calidad de las obras de arte producidas por ya muchos ilustradores estan perdiendo sus trabajos frente a generadores de imagenes de ya como midjourney estable difusion y dalle
37,un ejemplo la ilustradora ambar y que solia cobrar entre y dolares por cada poster de videojuegos que dibujaba pero que ahora las empresas pueden crearlas en cuestion de segundos con la ayuda de la ya como resultado ahora gana una decima parte de su tarifa
38,compartimos el informe de Accenture que explora como la tecnologia transformara la forma de trabajar y vivir de las personas a medida que los mundos fisico y digital se vinculan y fusionan cada vez mas
39,por donde empezamos ya tengo mi aplicacion de URL
40,las empresas pueden maximizar sus ingresos y minimizar sus costos a traves del uso de la inteligencia artificial aumento de ingresos marketing y ventas desarrollo de productos disminucion de costos gestion de la cadena de suministro operaciones de
41,aqui pueden leer el reporte completo
42,por primera vez desde la inversion corporativa global y privada en inteligencia artificial contento disminuido ano tras ano
43,una mayor proporcion de encuestados cree que la ya ayudara en su mayoria en comparacion con una proporcion mas pequena que cree que hara dano
44,hay empresas que estan despidiendo a ilustradores para usar inteligencia artificial dos personas hacen lo que antes diez
45,es una putada para el que pierde el curro pero es lo que hay
46,la nueva crisis de la industria musical sera por la inteligencia artificial asi como en el pasado lo fue la pirateria internet
47,de la humanidad primo
48,la industria de la musica contento comenzado a considerar como un serio riesgo a la musica generada a partir de hashtag ya cara asustada URL
49,bienvenidos al nuevo informe de transparencia de hashtag negar cara sonriendo con gafas de sol URL
50,teclas analiticas avanzadas permiten personalizar y mejorar marketing e incrementar retorno de inversion teclas comercio digital uso de inteligencia artificial para mejorar las recomendaciones de productos y promociones flecha hacia abajo hashtag Google Cloud hashtag iCloud hashtag teches
51,teclas innovacion analiticos inteligentes que de ayudan a conocer tendencias y opiniones de clientes teclas elimina los silos de datos con transferencia de datos desde multiples plataformas teclas protege la informacion personal de tus clientes flecha hacia abajo hashtag Google Cloud hashtag iCloud hashtag teches
52,caso de exito hashtag ultabeauty contento revolucionado la forma en que sus clientes compran maquillaje con llama permite a sus clientes probar virtualmente los productos y hashtag Google Cloud les permite acceder facilmente a sus datos y crear experiencias personalizadas flecha hacia abajo hashtag iCloud hashtag teches
53,potencia la transformacion digital de tu empresa con la plataforma de datos de clientes de Google iCloud lee el articulo completo aqui URL hashtag Google Cloud hashtag iCloud hashtag teches
54,una idea de negocio es desarrollar un asistente virtual impulsado por inteligencia artificial puedes ofrecerlo a empresas y particulares que deseen mejorar la eficiencia y precision de sus respuestas es especialmente util para empresas que buscan mejorar su atencion a clientes
55,tambien puedes desarrollar una plataforma de comerse impulsada por ya la plataforma puede ofrecer recomendaciones de productos personalizadas y sugerencias de precios basadas en el comportamiento del comprador esto mejorara la experiencia de compra del cliente hashtag emprende
56,parece que no se dan cuenta que esto afecta a todos incluidas las empresas tanto desempleo generado por la inteligencia artificial hara que disminuya drasticamente el numero de consumidores o que por lo menos disminuya la capacidad de consumo de quienes no queden desempleados a dorso de mano con indice hacia abajo
57,a quien beneficiaria la crisis economica derivada de una situacion generada por millones de desempleados o disminuidos severamente en su capacidad adquisitiva
58,igual y no creo que ocurra de la noche a la manana creo que exagera un poco el chico del video
59,celebro tu optimismo yo tambien quisiera serlo pero lamentablemente ya esta ocurriendo quisiera estar muy equivocado en que en lugar de caminar hacia el pleno empleo el mundo empieza a caminar hacia el desempleo en el corto mediano plazo sera grave el problema
60,hashtag opinion a medida que la inteligencia artificial avanza las imagenes creadas se estan volviendo mas realistas lo que plantea la pregunta de como esto afectara a la industria de modelos y creadores de contenido humano estilografica URL
61,el problema radica en quien las consume
62,ya hubo iniciativas en este sentido Rigoberta del TIC pero es necesario que exista una inversion de dinero y poner en marcha muchos mas equipos de investigacion de diversas universidades espanolas URL
63,esta iniciativa podria entroncar con otras desde la UE que refuercen su independencia tecnologica creando modelos open so urce y que supongan la capacidad de desarrollo que necesita recordemos que Francia tiene grandes expertos en ya
64,en resumen hay que coordinar esfuerzos marcar objetivos e invertir mucho dinero en ese orden mejor si no lo hacemos dependeremos siempre de paises o peor aun de empresas que tengan sus propios intereses
65,en este articulo no solo de cuento cuales empresas son si no un analisis comparativo de todas las caracteristicas entre cada etc para que tengas el panorama completo y de ayude a tomar una decision mucho mas informada dorso de mano con indice hacia abajo tono de piel medio URL
66,y para que estes siempre actualizado de nuevos puesto en el blog asi como recibir informacion exclusiva para suscriptores entra al newsletter gratuito aun y por ahora recibe gratis el ebook la escalera del exito financiero dorso de mano con indice a la derecha tono de piel medio
67,hay empresas que estan despidiendo a ilustradores para usar inteligencia artificial dos personas hacen lo que antes diez
68,a mi me llamo la atencion las manos cara babeando cara babeando cara babeando que bonitas
69,contento muy esbeltas
70,vele
71,lee el ultimo articulo de nuestro seo para sobre la combinacion de la inteligencia artificial y metaverso y como esta contento desbloqueado una era de crecimiento e innovacion para las empresas hashtag Forbes hashtag ay hashtag rodolfosalazar
72,encuentralo aqui
73,inteligencia artificial uno de los temas tendencias no solo en las empresas si no para la comunidad en general es el centro tematico de la plenaria cree que se realiza hoy en ruta en tambien puedes conectarte a dorso de mano con indice hacia abajo tono de piel claro
74,Alejandro Lopez cofundador y seo de voz INE es el encargado de abrir las presentaciones de la plenaria liderada por el comite universidad empresa estado cree hashtag cree un espacio de dialogo para compartir experiencias alrededor de la ciencia tecnologia e innovacion
75,la tecnologia no reemplaza humanos los reubicar donde realmente pueden agregar valor senalo Alejandro Lopez en su intervencion durante la plenaria mensual cree hashtag cree
76,Daniel mesa seo de human living data explica que a traves de los datos desarrollaron una filosofia diferente a lo que tradicionalmente se hacia tratamos de priorizar los datos para que se establezcan objetivos comunes a traves de la inteligencia artificial hashtag cree
77,Robert parada socio y cofundador de coco tecnologias presenta su conferencia inteligencia artificial para salvar vidas destaca que estas herramientas son mucho mas precisas a la hora de generar un diagnostico de salud y s convierte en un aliado para la prevencion y bienestar
78,coco tecnologias hoy en dia es resultado del apoyo de politicas publicas de universidades etc. el mensaje es que estas alianzas entre universidad empresa estado si funciona y tiene que seguir adelante Robert parada seo
79,juan Sebastian castillo gerente de estrato aventures habla sobre la apuesta por las startups Freddy nuestro proposito es acercarnos mas a los emprendimientos hashtag cree
80,no solo le vendemos al emprendedor si no que cocreamos con ellos tenemos una variedad de servicios y acompanamientos senalo juan Sebastian castrillonhashtag cree
81,el modelo de inteligencia artificial para la exportar palma de aceite una proyecto di en articulacion con la universidad empresa estado presenta esos Bonet cruz docente e investigadora de la universidad era hashtag cree
82,directora del master en hashtag inteligencia artificial contento abierto con su conferencia inaugural sobre la potencialidad de la inteligencia artificial para crear innovacion y ventaja competitiva en el sector industrial manos levantadas celebrando leelo aqui dorso de mano con indice hacia abajo URL
83,Jose luis endrino director del master universitario en industria avanzada contento presentado el programa y el claustro del master que comenzara a impartirse en a partir del curso y los avances academicos en el grupo de investigacion materiales y sostenibilidad flecha top
84,la inteligencia artificial esta transformando la moda robot vestido alguna vez de preguntaste como la tecnologia esta cambiando el mundo de la moda en este podcast Danny Margot un creador de moda nos muestra como la inteligencia artificial esta transformando la industria
85,desde la creacion de ilustraciones hasta la generacion de disenos la ya esta abriendo nuevas posibilidades en el mundo de la moda no de pierdas este episodio para descubrir como los creadores de moda pueden utilizar la ya para ofrecer experiencias unicas a los consumidores
86,mira el podcast completo en YouTube cohete cara sonriendo con gafas de sol hashtag moda hashtag inteligencia artificial hashtag creatividad hashtag podcast
87,reemplaza modelos matematicos por algoritmo reemplaza chat jet por inteligencia artificial pasalo a Google lides y basicamente estas listo para levantar fondeo de algun fondo de inversion de riesgo
88,contento
89,hashtag ojo vivo la empresa hashtag ay es de los mayores beneficiarios del interes en inteligencia artificial es una de las pocas empresas que ofrece exposicion directa al desarrollo de productos basados en inteligencia artificial dorso de mano con indice hacia abajo tono de piel claro
90,analistas da Davidson la ven como innovadora y la compararon con primeros productos disruptivos hashtag Microsoft tiene acuerdos con gigantestecnologia como amazonica cervices y Google Cloud identificando mas de nuevas aplicaciones empresariales en de
91,la conferencia se centrara en temas relacionados con la tecnologia boton de marca de verificacion blockchain boton de marca de verificacion cryptocurrency boton de marca de verificacion finanzas descentralizadas boton de marca de verificacion NFT boton de marca de verificacion metaverso boton de marca de verificacion inteligencia artificial boton de marca de verificacion apps boton de marca de verificacion startups boton de marca de verificacion fintear ama bus hashtag perublockchainconference hashtag blockchain hashtag web hashtag metaverso hashtag ya
92,los asistentes tendran la oportunidad de conocer a lideres del ecosistema e intercambiar ideas que podrian influir en el futuro de la tecnologia y el sistema financiero banco cohete advertencia usa nuestro codigo SWIFT asi podras obtener un de descuento valido hasta el lunes de abril
93,a medida que avanza con rapidez el mundo digital muchas empresas miran de manera cautelosa la implementacion de la inteligencia artificial ya en los puestos de trabajo mas tradicionales hashtag ya hashtag catgut
94,sin embargo en el debate publico se esta demostrando que herramientas como catgut o bar el chatbot de Google son aplicaciones eficientes que pueden lograr una aportacion positiva y agil como minimizar el tiempo de ejecucion en tareas de relevancia media o baja hashtag mundo digital
95,sabemos que habilidades como el pensamiento critico o la creatividad son irreemplazables pero comprender el alcance que tienen estas herramientas es esencial para los puestos de trabajo del futuro hashtag inteligencia artificial hashtag desafios hashtag espacio laboral
96,la inteligencia artificial ya esta revolucionando la industria en muchos aspectos y la seguridad industrial no es una excepcion en argentina la ya esta siendo utilizada para mejorar la seguridad en las fabricas y reducir el riesgo de accidentes abrimos hilo hilo dorso de mano con indice hacia abajo
97,una de las aplicaciones mas interesantes de la ya en hashtag seguridad industrial es el monitoreo y analisis grafico de barras en tiempo real de los procesos industriales
98,la ya puede analizar grandes cantidades de datos de sensores y dispositivos en la planta de fabricacion identificando patrones y alertando a los trabajadores y supervisores sobre cualquier problema potencial
99,dedo indice hacia arriba ademas la ya tambien puede utilizarse para predecir y prevenir accidentes analizando datos historicos y patrones para identificar situaciones que puedan generar riesgos
